00:11:15.440779,Chambre à louer pour étudiantes - bail 10 mois
00:11:17.634915,Locataire rechercher
00:17:00.018701,Chambre à louer pour étudiantes - bail 10 mois
00:17:02.221676,Locataire rechercher
00:17:04.376817,Location chambre tt inclus près u-laval
00:17:06.530480,Chambre limoilou cegep vieux quebec court/long terme libre
13:39:07.640840,Locataire rechercher
13:44:13.578700,Locataire rechercher
13:44:15.807125,Chambre à louer pour étudiantes - bail 10 mois
13:44:18.719916,Location chambre tt inclus près u-laval
13:44:21.002554,"Espaces bureaux, commerciaux - 1 000 p.ca pierre-bertrand"
13:44:23.220387,1 1/2 -vieux québec- près hôtel-dieu- libre
13:44:25.407425,"Superbes chambres à louer, 5e avenue"
13:44:27.592489,Belles chambres à louer charlesbourg/limoilou
13:44:29.790860,"Belle chambre à louer, bergemont limoilou tranquille"
13:44:32.269402,"Très belle chambre à louer, propre et tranquille"
13:44:34.515908,"Belles chambres à louer, boul. des chutes libre"
13:44:36.762332,"Belles chambres à louer, personnes tranquilles"
13:44:38.997287,"Belle chambre à louer, vieux-québec, tranquille"
13:44:41.188356,"Belles chambres, quartier montcalm, tranquille"
13:44:43.397103,Belle grande chambre à louer personne tranquille
13:44:45.573369,Colocation meublée tout inclus pour homme idéalement.
13:44:48.086474,Superbes chambres tout inclus ! internet
13:44:50.275117,Loft d’étudiant à loué à lévis disponible le 1er septembre
13:44:52.707833,Chambre privé - 1 à 2 nuits 50$
13:44:54.995205,Chambre à louer colocation à québec (limoilou) grand 5½ rustique
13:44:57.154275,Chambre limoilou cegep vieux quebec court/long terme libre
13:44:59.302105,Chambre vanier tout inclus court/long terme libre immediatement
13:45:01.536187,Chambre a louer
13:45:03.778472,Chambre pour travailleurs octobre poss un peu avant
13:45:05.977465,"November quebec city , aaaaall included ideal 4 foreign student"
13:45:08.142723,Novembre québec chambre double tout tout touuuuut compris !
13:45:10.359796,"Superbes studio, rénové à neuf, centre-ville tout inclus octobre"
13:45:12.587799,Studio  à louer - 55 ans et plus seulement
13:45:14.736988,"Espace de rangement à louer, chauffé/sécurisé 213 des pins e."
13:45:16.895966,"Plusieurs locker, espace de rangement à louer rue victoria"
13:45:19.073269,"Beau grand garage à louer beauport, rangement !"
13:45:21.313791,"Espace de rangement à louer, limoilou août"
13:45:23.501319,Espace de rangement/entreposage à louer limoilou
13:45:25.746964,1 1/2 vieux québec- près de l'hôtel-dieu- libre
13:45:27.895000,"Studio , près cégep ste-foy et uni. laval, meublé, 500$"
13:45:30.194961,"Belles chambres à louer, beauport"
13:45:32.464749,"Belles chambre à louer, beauport, wifi"
13:45:34.664700,Belles chambres à louer ave bergemont
13:45:36.817607,Belles chambres à louer 4e avenue étudiant travailleur
13:45:38.998046,"Belle chambre à louer, limoilou, personne tranquille"
13:45:41.240786,Belle chambre à louer ave. d'estimauville
13:45:43.446959,Belles chambres à louer 5e rue limoilou wifi 3 mois minimum
14:00:49.673411,Chambre à louer pour étudiantes - bail 10 mois
14:00:52.305345,Locataire rechercher
14:00:54.604168,Location chambre tt inclus près u-laval
14:00:56.781254,"Espaces bureaux, commerciaux - 1 000 p.ca pierre-bertrand"
14:00:58.939810,1 1/2 -vieux québec- près hôtel-dieu- libre
14:01:01.162648,"Superbes chambres à louer, 5e avenue"
14:01:03.481561,Belles chambres à louer charlesbourg/limoilou
14:01:05.737574,"Belle chambre à louer, bergemont limoilou tranquille"
14:01:07.916171,"Très belle chambre à louer, propre et tranquille"
14:01:10.108608,"Belles chambres à louer, boul. des chutes libre"
14:01:12.308949,"Belles chambres à louer, personnes tranquilles"
14:01:14.561844,"Belle chambre à louer, vieux-québec, tranquille"
14:01:16.771875,"Belles chambres, quartier montcalm, tranquille"
14:01:19.046676,Belle grande chambre à louer personne tranquille
14:01:21.351507,Colocation meublée tout inclus pour homme idéalement.
14:01:23.511757,Superbes chambres tout inclus ! internet
14:01:25.978168,Loft d’étudiant à loué à lévis disponible le 1er septembre
14:01:28.230464,Chambre privé - 1 à 2 nuits 50$
14:01:30.411185,Chambre à louer colocation à québec (limoilou) grand 5½ rustique
14:01:32.607738,Chambre limoilou cegep vieux quebec court/long terme libre
14:01:34.929646,Chambre vanier tout inclus court/long terme libre immediatement
14:01:37.106584,Chambre a louer
14:01:39.291789,Chambre pour travailleurs octobre poss un peu avant
14:01:41.662902,"November quebec city , aaaaall included ideal 4 foreign student"
14:01:43.871160,Novembre québec chambre double tout tout touuuuut compris !
14:01:46.121214,"Superbes studio, rénové à neuf, centre-ville tout inclus octobre"
14:01:48.289500,Studio  à louer - 55 ans et plus seulement
14:01:50.532875,"Espace de rangement à louer, chauffé/sécurisé 213 des pins e."
14:01:52.711942,"Plusieurs locker, espace de rangement à louer rue victoria"
14:01:54.944475,"Beau grand garage à louer beauport, rangement !"
14:01:57.272192,"Espace de rangement à louer, limoilou août"
14:01:59.530215,Espace de rangement/entreposage à louer limoilou
14:02:01.747776,1 1/2 vieux québec- près de l'hôtel-dieu- libre
14:02:03.988317,"Studio , près cégep ste-foy et uni. laval, meublé, 500$"
14:02:06.269676,"Belles chambres à louer, beauport"
14:02:08.498464,"Belles chambre à louer, beauport, wifi"
14:02:10.745047,Belles chambres à louer ave bergemont
14:02:13.183069,Belles chambres à louer 4e avenue étudiant travailleur
14:02:15.400408,"Belle chambre à louer, limoilou, personne tranquille"
14:02:17.670281,Belle chambre à louer ave. d'estimauville
14:02:19.887650,Belles chambres à louer 5e rue limoilou wifi 3 mois minimum
17:31:57.350664,Chambre à louer pour étudiantes - bail 10 mois
17:31:59.501437,Locataire rechercher
17:32:01.682505,Chambre limoilou cegep vieux quebec court/long terme libre
17:32:22.659089,Locataire rechercher
17:32:24.839615,Chambre à louer pour étudiantes - bail 10 mois
17:32:26.987419,Chambre limoilou cegep vieux quebec court/long terme libre
17:32:29.140982,Chambre vanier tout inclus court/long terme libre immediatement
17:32:31.311957,"Espace de rangement à louer, limoilou août"
17:32:33.459869,Espace de rangement/entreposage à louer limoilou
17:32:35.665597,"Superbes studio, rénové à neuf, centre-ville tout inclus octobre"
17:32:37.836746,"Espace de rangement à louer, chauffé/sécurisé 213 des pins e."
17:32:40.018877,"Plusieurs locker, espace de rangement à louer rue victoria"
17:32:42.567426,"Beau grand garage à louer beauport, rangement !"
17:32:44.744205,Location chambre tt inclus près u-laval
17:32:46.990605,"Espaces bureaux, commerciaux - 1 000 p.ca pierre-bertrand"
17:32:49.271382,1 1/2 -vieux québec- près hôtel-dieu- libre
17:32:51.448731,"Superbes chambres à louer, 5e avenue"
17:32:53.700962,Belles chambres à louer charlesbourg/limoilou
17:32:55.999625,"Belle chambre à louer, bergemont limoilou tranquille"
17:32:58.309838,"Très belle chambre à louer, propre et tranquille"
17:33:00.475019,"Belles chambres à louer, boul. des chutes libre"
17:33:02.632602,"Belles chambres à louer, personnes tranquilles"
17:33:05.007576,"Belle chambre à louer, vieux-québec, tranquille"
17:33:07.173719,"Belles chambres, quartier montcalm, tranquille"
17:33:09.362177,Belle grande chambre à louer personne tranquille
17:33:12.531070,Colocation meublée tout inclus pour homme idéalement.
17:33:14.725221,Superbes chambres tout inclus ! internet
17:33:16.924542,Loft d’étudiant à loué à lévis disponible le 1er septembre
17:33:19.108139,Chambre privé - 1 à 2 nuits 50$
17:33:21.327254,Chambre à louer colocation à québec (limoilou) grand 5½ rustique
17:33:23.549304,Chambre a louer
17:33:25.753802,Chambre pour travailleurs octobre poss un peu avant
17:33:27.965483,"November quebec city , aaaaall included ideal 4 foreign student"
17:33:30.125705,Novembre québec chambre double tout tout touuuuut compris !
17:33:32.302570,Studio  à louer - 55 ans et plus seulement
17:33:34.513727,1 1/2 vieux québec- près de l'hôtel-dieu- libre
17:33:36.735369,"Studio , près cégep ste-foy et uni. laval, meublé, 500$"
17:33:38.997528,"Belles chambres à louer, beauport"
17:33:41.143243,"Belles chambre à louer, beauport, wifi"
17:33:43.389677,Belles chambres à louer ave bergemont
17:33:45.562127,Belles chambres à louer 4e avenue étudiant travailleur
17:33:47.728579,"Belle chambre à louer, limoilou, personne tranquille"
17:33:49.981883,Belle chambre à louer ave. d'estimauville
17:37:47.261652,Locataire rechercher
17:37:49.533971,Chambre à louer pour étudiantes - bail 10 mois
17:37:51.699696,Chambre limoilou cegep vieux quebec court/long terme libre
17:37:53.873098,Chambre vanier tout inclus court/long terme libre immediatement
17:37:56.218287,"Espace de rangement à louer, limoilou août"
17:37:58.426621,Espace de rangement/entreposage à louer limoilou
17:38:00.619337,"Superbes studio, rénové à neuf, centre-ville tout inclus octobre"
17:38:02.792532,"Espace de rangement à louer, chauffé/sécurisé 213 des pins e."
17:38:05.283217,"Plusieurs locker, espace de rangement à louer rue victoria"
17:38:07.529471,"Beau grand garage à louer beauport, rangement !"
17:38:09.702996,Location chambre tt inclus près u-laval
17:38:12.347431,"Espaces bureaux, commerciaux - 1 000 p.ca pierre-bertrand"
17:38:15.139514,1 1/2 -vieux québec- près hôtel-dieu- libre
17:38:17.392384,"Superbes chambres à louer, 5e avenue"
17:38:19.588789,Belles chambres à louer charlesbourg/limoilou
17:38:21.762165,"Belle chambre à louer, bergemont limoilou tranquille"
17:38:23.955271,"Très belle chambre à louer, propre et tranquille"
17:38:26.150608,"Belles chambres à louer, boul. des chutes libre"
17:38:28.322295,"Belles chambres à louer, personnes tranquilles"
17:38:30.493041,"Belle chambre à louer, vieux-québec, tranquille"
17:38:32.705945,"Belles chambres, quartier montcalm, tranquille"
17:38:35.020717,Belle grande chambre à louer personne tranquille
17:38:37.231704,Colocation meublée tout inclus pour homme idéalement.
17:38:39.380442,Superbes chambres tout inclus ! internet
17:38:41.574069,Loft d’étudiant à loué à lévis disponible le 1er septembre
17:38:43.826181,Chambre privé - 1 à 2 nuits 50$
17:38:46.057667,Chambre à louer colocation à québec (limoilou) grand 5½ rustique
17:38:48.225528,Chambre a louer
17:38:50.403421,Chambre pour travailleurs octobre poss un peu avant
17:38:52.557085,"November quebec city , aaaaall included ideal 4 foreign student"
17:38:54.808767,Novembre québec chambre double tout tout touuuuut compris !
17:38:57.017469,Studio  à louer - 55 ans et plus seulement
17:38:59.252065,1 1/2 vieux québec- près de l'hôtel-dieu- libre
17:39:01.471513,"Studio , près cégep ste-foy et uni. laval, meublé, 500$"
17:39:03.677452,"Belles chambres à louer, beauport"
17:39:05.860854,"Belles chambre à louer, beauport, wifi"
17:39:08.090623,Belles chambres à louer ave bergemont
17:39:10.238277,Belles chambres à louer 4e avenue étudiant travailleur
17:39:12.455622,"Belle chambre à louer, limoilou, personne tranquille"
17:39:14.609543,Belle chambre à louer ave. d'estimauville
17:40:48.227149,Locataire rechercher
17:40:50.456856,Chambre à louer pour étudiantes - bail 10 mois
17:40:52.650752,Chambre limoilou cegep vieux quebec court/long terme libre
17:40:54.874965,Chambre vanier tout inclus court/long terme libre immediatement
17:40:57.057586,"Espace de rangement à louer, limoilou août"
17:40:59.210714,Espace de rangement/entreposage à louer limoilou
17:41:01.398792,"Superbes studio, rénové à neuf, centre-ville tout inclus octobre"
17:41:03.566375,"Espace de rangement à louer, chauffé/sécurisé 213 des pins e."
17:41:05.778472,"Plusieurs locker, espace de rangement à louer rue victoria"
17:41:07.981248,"Beau grand garage à louer beauport, rangement !"
17:41:10.141694,Location chambre tt inclus près u-laval
17:41:12.351031,"Espaces bureaux, commerciaux - 1 000 p.ca pierre-bertrand"
17:41:14.518028,1 1/2 -vieux québec- près hôtel-dieu- libre
17:41:16.695298,"Superbes chambres à louer, 5e avenue"
17:41:18.895404,Belles chambres à louer charlesbourg/limoilou
17:41:21.583076,"Belle chambre à louer, bergemont limoilou tranquille"
17:41:23.772310,"Très belle chambre à louer, propre et tranquille"
17:41:25.941944,"Belles chambres à louer, boul. des chutes libre"
17:41:28.130945,"Belles chambres à louer, personnes tranquilles"
17:41:30.365724,"Belle chambre à louer, vieux-québec, tranquille"
17:41:32.560018,"Belles chambres, quartier montcalm, tranquille"
17:41:34.719125,Belle grande chambre à louer personne tranquille
17:41:36.887659,Colocation meublée tout inclus pour homme idéalement.
17:41:39.063993,Superbes chambres tout inclus ! internet
17:41:41.238115,Loft d’étudiant à loué à lévis disponible le 1er septembre
17:41:43.732801,Chambre privé - 1 à 2 nuits 50$
17:41:45.951535,Chambre à louer colocation à québec (limoilou) grand 5½ rustique
17:41:48.118708,Chambre a louer
17:41:50.368638,Chambre pour travailleurs octobre poss un peu avant
17:41:52.638679,"November quebec city , aaaaall included ideal 4 foreign student"
17:41:54.838784,Novembre québec chambre double tout tout touuuuut compris !
17:41:57.014322,Studio  à louer - 55 ans et plus seulement
17:41:59.203612,1 1/2 vieux québec- près de l'hôtel-dieu- libre
17:42:01.447515,"Studio , près cégep ste-foy et uni. laval, meublé, 500$"
17:42:03.655967,"Belles chambres à louer, beauport"
17:42:05.815463,"Belles chambre à louer, beauport, wifi"
17:42:08.056126,Belles chambres à louer ave bergemont
17:42:10.430299,Belles chambres à louer 4e avenue étudiant travailleur
17:42:12.583788,"Belle chambre à louer, limoilou, personne tranquille"
17:42:14.818758,Belle chambre à louer ave. d'estimauville
13:13:49.516189,Locataire rechercher
13:13:51.696429,Chambre à louer pour étudiantes - bail 10 mois
13:13:53.879427,"Plusieurs locker, espace de rangement à louer rue victoria"
13:13:56.098840,"Beau grand garage à louer beauport, rangement !"
13:13:58.281371,"Superbes studio, rénové à neuf, centre-ville tout inclus octobre"
13:14:00.459569,"Espace de rangement à louer, chauffé/sécurisé 213 des pins e."
