13:19:04.565157,Locataire rechercher
13:19:06.795336,Chambre à louer pour étudiantes - bail 10 mois
13:19:09.042644,Location chambre tt inclus près u-laval
13:19:11.219614,"Espaces bureaux, commerciaux - 1 000 p.ca pierre-bertrand"
13:19:13.460162,1 1/2 -vieux québec- près hôtel-dieu- libre
13:19:15.743384,"Superbes chambres à louer, 5e avenue"
13:19:17.929700,Belles chambres à louer charlesbourg/limoilou
13:19:20.164570,"Belle chambre à louer, bergemont limoilou tranquille"
13:19:23.049540,"Très belle chambre à louer, propre et tranquille"
13:19:25.241170,"Belles chambres à louer, boul. des chutes libre"
13:19:27.503647,"Belles chambres à louer, personnes tranquilles"
13:19:29.681455,"Belle chambre à louer, vieux-québec, tranquille"
13:19:32.261352,"Belles chambres, quartier montcalm, tranquille"
13:19:34.442809,Belle grande chambre à louer personne tranquille
13:19:36.638400,Colocation meublée tout inclus pour homme idéalement.
13:19:38.886440,Superbes chambres tout inclus ! internet
13:19:41.072839,Loft d’étudiant à loué à lévis disponible le 1er septembre
13:19:43.261855,Chambre privé - 1 à 2 nuits 50$
13:19:45.548698,Chambre à louer colocation à québec (limoilou) grand 5½ rustique
13:19:47.800982,Chambre limoilou cegep vieux quebec court/long terme libre
13:19:50.030034,Chambre vanier tout inclus court/long terme libre immediatement
13:19:52.282212,Chambre a louer
13:19:54.481225,Chambre pour travailleurs octobre poss un peu avant
13:19:56.670700,"November quebec city , aaaaall included ideal 4 foreign student"
13:19:58.835812,Novembre québec chambre double tout tout touuuuut compris !
13:20:00.996547,"Superbes studio, rénové à neuf, centre-ville tout inclus octobre"
13:20:03.154668,Studio  à louer - 55 ans et plus seulement
13:20:05.331464,"Espace de rangement à louer, chauffé/sécurisé 213 des pins e."
13:20:07.479115,"Plusieurs locker, espace de rangement à louer rue victoria"
13:20:09.708295,"Beau grand garage à louer beauport, rangement !"
13:20:12.302242,"Espace de rangement à louer, limoilou août"
13:20:14.537720,Espace de rangement/entreposage à louer limoilou
13:20:16.716225,1 1/2 vieux québec- près de l'hôtel-dieu- libre
13:20:18.896620,"Studio , près cégep ste-foy et uni. laval, meublé, 500$"
13:20:21.073285,"Belles chambres à louer, beauport"
13:20:23.256581,"Belles chambre à louer, beauport, wifi"
13:20:25.456506,Belles chambres à louer ave bergemont
13:20:27.700398,Belles chambres à louer 4e avenue étudiant travailleur
13:20:30.244692,"Belle chambre à louer, limoilou, personne tranquille"
13:20:32.417170,Belle chambre à louer ave. d'estimauville
13:20:34.661504,Belles chambres à louer 5e rue limoilou wifi 3 mois minimum
13:26:27.674606,Chambre à louer pour étudiantes - bail 10 mois
13:26:29.908060,Locataire rechercher
13:26:32.311291,Location chambre tt inclus près u-laval
13:26:34.556640,"Espaces bureaux, commerciaux - 1 000 p.ca pierre-bertrand"
13:26:36.728980,1 1/2 -vieux québec- près hôtel-dieu- libre
13:26:38.910987,"Superbes chambres à louer, 5e avenue"
13:26:41.238564,Belles chambres à louer charlesbourg/limoilou
13:26:43.485423,"Belle chambre à louer, bergemont limoilou tranquille"
13:26:45.965272,"Très belle chambre à louer, propre et tranquille"
